{"He": [[0.090576171875, 0.181396484375, 0.1094970703125, 0.03619384765625], [18.1875, 6.2109375, 1.802734375, 0.284423828125]], "Li": [[1.6103515625, 1.24609375, 0.32568359375, 0.09857177734375], [107.625, 30.484375, 4.53125, 0.4951171875]], "Be": [[1.25, 1.333984375, 0.3603515625, 0.10552978515625], [60.8125, 18.59375, 3.654296875, 0.415771484375]], "P": [[1.888671875, 2.46875, 0.8046875, 0.3203125], [44.875, 13.5390625, 2.642578125, 0.36083984375]], "C": [[0.73046875, 1.1953125, 0.456298828125, 0.12469482421875], [36.0, 11.296875, 2.814453125, 0.345703125]], "N": [[0.57177734375, 1.04296875, 0.464599609375, 0.131103515625], [28.84375, 9.0546875, 2.421875, 0.316650390625]], "0": [[0.454833984375, 0.91748046875, 0.471923828125, 0.138427734375], [23.78125, 7.62109375, 2.14453125, 0.2958984375]], "F": [[0.36865234375, 0.81103515625, 0.47509765625, 0.1458740234375], [20.234375, 6.609375, 1.9306640625, 0.279296875]], "Ne": [[0.302490234375, 0.72021484375, 0.47509765625, 0.1534423828125], [17.640625, 5.859375, 1.7626953125, 0.265625]], "Na": [[2.240234375, 1.3330078125, 0.9072265625, 0.286376953125], [108.0, 24.5, 3.390625, 0.4345703125]], "Mg": [[2.267578125, 1.802734375, 0.83935546875, 0.289306640625], [73.6875, 20.171875, 3.017578125, 0.404541015625]], "Al": [[2.275390625, 2.427734375, 0.85791015625, 0.316650390625], [72.3125, 19.765625, 3.080078125, 0.40771484375]], "Si": [[2.12890625, 2.533203125, 0.8349609375, 0.321533203125], [57.78125, 16.46875, 2.87890625, 0.385986328125]], "S": [[1.6591796875, 2.38671875, 0.7900390625, 0.32080078125], [36.65625, 11.484375, 2.46875, 0.34033203125]], "Cl": [[1.4521484375, 2.29296875, 0.78759765625, 0.32177734375], [30.9375, 9.9765625, 2.333984375, 0.32275390625]], "Ar": [[1.2734375, 2.189453125, 0.79248046875, 0.322509765625], [26.6875, 8.8125, 2.21875, 0.30712890625]], "K": [[3.951171875, 2.544921875, 1.9794921875, 0.481689453125], [137.125, 22.40625, 4.53125, 0.43408203125]], "Ca": [[4.46875, 2.970703125, 1.9697265625, 0.481689453125], [99.5, 22.703125, 4.1953125, 0.41650390625]], "Sc": [[3.966796875, 2.916015625, 1.92578125, 0.480224609375], [98.9375, 20.609375, 3.85546875, 0.398681640625]], "Ti": [[3.564453125, 2.818359375, 1.892578125, 0.482421875], [82.0, 19.046875, 3.58984375, 0.385498046875]], "V": [[3.244140625, 2.697265625, 1.859375, 0.486328125], [76.375, 17.71875, 3.36328125, 0.374267578125]], "Cr": [[2.306640625, 2.333984375, 1.822265625, 0.489990234375], [78.375, 15.78125, 3.15625, 0.363525390625]], "Mn": [[2.74609375, 2.455078125, 1.7919921875, 0.498291015625], [67.8125, 15.671875, 3.0, 0.35693359375]], "Fe": [[2.544921875, 2.34375, 1.7587890625, 0.50634765625], [64.4375, 14.8828125, 2.853515625, 0.35009765625]], "Co": [[2.3671875, 2.236328125, 1.724609375, 0.5146484375], [61.4375, 14.1796875, 2.724609375, 0.34423828125]], "Ni": [[2.2109375, 2.134765625, 1.689453125, 0.52392578125], [58.71875, 13.5546875, 2.609375, 0.3388671875]], "Cu": [[1.5791015625, 1.8193359375, 1.6572265625, 0.5322265625], [62.9375, 12.453125, 2.50390625, 0.3330078125]], "Zn": [[1.94140625, 1.9501953125, 1.619140625, 0.54345703125], [54.15625, 12.515625, 2.416015625, 0.32958984375]], "Ga": [[2.3203125, 2.486328125, 1.6875, 0.59912109375], [65.625, 15.4609375, 2.580078125, 0.35107421875]], "Ge": [[2.447265625, 2.701171875, 1.615234375, 0.60107421875], [55.90625, 14.390625, 2.4453125, 0.341552734375]], "As": [[2.3984375, 2.7890625, 1.5283203125, 0.59375], [45.71875, 12.8203125, 2.279296875, 0.32763671875]], "Se": [[2.298828125, 2.853515625, 1.455078125, 0.58935546875], [38.84375, 11.5390625, 2.146484375, 0.31640625]], "Br": [[2.166015625, 2.904296875, 1.3955078125, 0.58837890625], [33.90625, 10.5, 2.041015625, 0.306884765625]], "Kr": [[2.033203125, 2.927734375, 1.3427734375, 0.5888671875], [30.0, 9.6015625, 1.9521484375, 0.298583984375]], "Rb": [[4.77734375, 3.859375, 2.234375, 0.8681640625], [140.75, 18.984375, 3.701171875, 0.41943359375]], "Sr": [[5.84765625, 4.00390625, 2.341796875, 0.87939453125], [105.0, 19.359375, 3.736328125, 0.414306640625]], "Mo": [[3.119140625, 3.90625, 2.361328125, 0.8505859375], [72.4375, 14.640625, 3.236328125, 0.3662109375]], "Ag": [[2.03515625, 3.271484375, 2.509765625, 0.83740234375], [61.5, 11.8203125, 2.845703125, 0.3271484375]], "Cd": [[2.57421875, 3.2578125, 2.546875, 0.837890625], [55.6875, 11.8359375, 2.78515625, 0.32177734375]], "In": [[3.15234375, 3.556640625, 2.818359375, 0.88427734375], [66.625, 14.453125, 2.9765625, 0.33447265625]], "Sn": [[3.44921875, 3.734375, 2.77734375, 0.87841796875], [59.09375, 14.1796875, 2.85546875, 0.326904296875]], "Sb": [[3.564453125, 3.84375, 2.6875, 0.86376953125], [50.5, 13.3125, 2.69140625, 0.316162109375]], "I": [[3.47265625, 4.05859375, 2.521484375, 0.83984375], [39.4375, 11.8125, 2.4140625, 0.297607421875]], "Xe": [[3.365234375, 4.1484375, 2.443359375, 0.8291015625], [35.5, 11.1171875, 2.294921875, 0.289306640625]], "Cs": [[6.0625, 5.984375, 3.302734375, 1.095703125], [155.875, 19.6875, 3.3359375, 0.37939453125]], "Ba": [[7.8203125, 6.00390625, 3.28125, 1.1025390625], [117.6875, 18.78125, 3.263671875, 0.3759765625]], "Eu": [[6.265625, 4.84375, 3.203125, 1.201171875], [100.3125, 16.0625, 2.98046875, 0.367431640625]], "Au": [[2.388671875, 4.2265625, 2.689453125, 1.2548828125], [42.875, 9.7421875, 2.263671875, 0.306640625]], "Hg": [[2.681640625, 4.2421875, 2.755859375, 1.2705078125], [42.8125, 9.859375, 2.294921875, 0.306640625]], "Pb": [[3.509765625, 4.55078125, 3.154296875, 1.359375], [52.90625, 11.8828125, 2.572265625, 0.320556640625]], "Bi": [[3.841796875, 4.6796875, 3.193359375, 1.3623046875], [50.25, 12.0, 2.560546875, 0.317626953125]], "Rn": [[4.078125, 4.9765625, 3.095703125, 1.326171875], [28.40625, 11.0234375, 2.35546875, 0.299072265625]], "U": [[6.765625, 6.73046875, 4.01171875, 1.560546875], [85.9375, 15.640625, 2.935546875, 0.334716796875]]}